idx,Date,Temperature
1,17:47,23.98
2,17:48,23.98
3,17:48,23.99
4,17:48,23.99
5,17:48,23.92
6,17:48,23.85
7,17:48,23.86
8,17:49,23.87
9,17:49,23.92
10,17:49,23.92
11,17:49,23.94
12,17:49,23.95
13,17:49,23.9
14,17:50,23.95
15,17:50,23.96
16,17:50,23.91
17,17:50,23.96
18,17:50,24.01
19,17:50,23.97
20,17:51,24
21,17:51,24.01
22,17:51,23.98
23,17:51,23.98
24,17:51,23.9
25,17:51,23.87
26,17:52,23.89
27,17:52,23.78
28,17:52,23.8
29,17:52,23.74
30,17:52,23.79
31,17:52,23.87
32,17:53,23.85
33,17:53,23.87
34,17:53,23.89
35,17:53,23.86
36,17:53,23.86
37,17:53,23.9
38,17:54,23.91
39,17:54,23.88
40,17:54,23.89
41,17:54,23.88
42,17:54,23.86
43,17:54,23.89
44,17:55,23.9
45,17:55,23.9
46,17:55,23.86
47,17:55,23.83
48,17:55,23.81
49,17:55,23.79
50,17:56,23.85
51,17:56,23.86
52,17:56,23.88
53,17:56,23.82
54,17:56,23.81
55,17:56,23.89
56,17:57,23.89
57,17:57,23.88
58,17:57,23.79
59,17:57,23.84
60,17:57,23.87
61,17:57,23.91
62,17:58,23.93
63,17:58,23.88
64,17:58,23.91
65,17:58,23.89
66,17:58,23.86
67,17:58,23.89
68,17:59,23.9
69,17:59,23.88
70,17:59,23.91
71,17:59,23.9
72,17:59,23.93
73,17:59,23.91
74,18:00,23.88
75,18:00,23.88
76,18:00,23.82
77,18:00,23.82
78,18:00,23.81
79,18:00,23.74
80,18:01,23.73
81,18:01,23.78
82,18:01,23.86
83,18:01,23.82
84,18:01,23.86
85,18:01,23.87
86,18:02,23.86
87,18:02,23.91
88,18:02,23.91
89,18:02,23.84
90,18:02,23.84
91,18:02,23.83
92,18:03,23.86
93,18:03,23.89
94,18:03,23.85
95,18:03,23.8
96,18:03,23.88
97,18:03,23.89
98,18:04,23.84
99,18:04,23.87
100,18:04,23.81
101,18:04,23.86
102,18:04,23.83
103,18:04,23.85
104,18:05,23.82
105,18:05,23.84
106,18:05,23.86
107,18:05,23.81
108,18:05,23.81
109,18:05,23.79
110,18:06,23.83
111,18:06,23.76
112,18:06,23.86
113,18:06,23.87
114,18:06,23.88
115,18:06,23.89
116,18:07,23.86
117,18:07,23.85
118,18:07,23.85
119,18:07,23.83
120,18:07,23.87
121,18:07,23.8
122,18:08,23.75
123,18:08,23.79
124,18:08,23.76
125,18:08,23.75
126,18:08,23.76
127,18:08,23.67
128,18:09,23.74
129,18:09,23.78
130,18:09,23.8
131,18:09,23.8
132,18:09,23.79
133,18:09,23.76
134,18:10,23.81
135,18:10,23.88
136,18:10,23.82
137,18:10,23.86
138,18:10,23.89
139,18:10,23.85
140,18:11,23.79
141,18:11,23.8
142,18:11,23.83
143,18:11,23.81
144,18:11,23.79
145,18:11,23.73
146,18:12,23.79
147,18:12,23.77
148,18:12,23.76
149,18:12,23.8
150,18:12,23.76
151,18:12,23.77
152,18:13,23.75
153,18:13,23.77
154,18:13,23.74
155,18:13,23.71
156,18:13,23.75
157,18:13,23.78
158,18:14,23.73
159,18:14,23.79
160,18:14,23.76
161,18:14,23.74
162,18:14,23.72
163,18:14,23.71
164,18:15,23.72
165,18:15,23.68
166,18:15,23.68
167,18:15,23.76
168,18:15,23.74
169,18:15,23.74
170,18:16,23.73
171,18:16,23.76
172,18:16,23.78
173,18:16,23.71
174,18:16,23.74
175,18:16,23.68
176,18:17,23.73
177,18:17,23.76
178,18:17,23.76
179,18:17,23.7
180,18:17,23.73
181,18:17,23.78
182,18:18,23.7
183,18:18,23.72
184,18:18,23.7
185,18:18,23.68
186,18:18,23.76
187,18:18,23.7
188,18:19,23.69
189,18:19,23.75
190,18:19,23.7
191,18:19,23.72
192,18:19,23.75
193,18:19,23.8
194,18:20,23.86
195,18:20,23.86
196,18:20,23.86
197,18:20,23.82
198,18:20,23.84
199,18:20,23.83
200,18:21,23.82
201,18:21,23.86
202,18:21,23.82
203,18:21,23.83
204,18:21,23.78
205,18:21,23.81
206,18:22,23.81
207,18:22,23.85
208,18:22,23.87
209,18:22,23.91
210,18:22,23.83
211,18:22,23.91
212,18:23,23.81
213,18:23,23.78
214,18:23,23.85
215,18:23,23.79
216,18:23,23.8
217,18:23,23.72
218,18:24,23.73
219,18:24,23.79
220,18:24,23.75
221,18:24,23.66
222,18:24,23.74
223,18:24,23.72
224,18:25,23.77
225,18:25,23.71
226,18:25,23.7
227,18:25,23.68
228,18:25,23.75
229,18:25,23.76
230,18:26,23.75
231,18:26,23.69
232,18:26,23.67
233,18:26,23.68
234,18:26,23.63
235,18:26,23.66
236,18:27,23.67
237,18:27,23.64
238,18:27,23.69
239,18:27,23.75
240,18:27,23.76
241,18:27,23.8
242,18:28,23.75
243,18:28,23.76
244,18:28,23.72
245,18:28,23.74
246,18:28,23.71
247,18:28,23.69
248,18:29,23.66
249,18:29,23.7
250,18:29,23.65
251,18:29,23.67
252,18:29,23.65
253,18:29,23.72
254,18:30,23.68
255,18:30,23.72
256,18:30,23.72
257,18:30,23.69
258,18:30,23.68
259,18:30,23.66
260,18:31,23.66
261,18:31,23.68
262,18:31,23.69
263,18:31,23.65
264,18:31,23.66
265,18:31,23.72
266,18:32,23.71
267,18:32,23.68
268,18:32,23.69
269,18:32,23.67
270,18:32,23.67
271,18:32,23.71
272,18:33,23.66
273,18:33,23.67
274,18:33,23.63
275,18:33,23.68
276,18:33,23.68
277,18:33,23.64
278,18:34,23.65
279,18:34,23.6
280,18:34,23.63
281,18:34,23.65
282,18:34,23.72
283,18:34,23.68
284,18:35,23.7
285,18:35,23.71
286,18:35,23.75
287,18:35,23.73
288,18:35,23.71
289,18:35,23.69
290,18:36,23.66
291,18:36,23.67
292,18:36,23.63
293,18:36,23.66
294,18:36,23.64
295,18:36,23.68
296,18:37,23.65
297,18:37,23.68
298,18:37,23.67
299,18:37,23.64
300,18:37,23.67
301,18:37,23.66
302,18:38,23.61
303,18:38,23.6
304,18:38,23.61
305,18:38,23.63
306,18:38,23.68
307,18:38,23.67
308,18:39,23.66
309,18:39,23.62
310,18:39,23.68
311,18:39,23.68
312,18:39,23.66
313,18:39,23.71
314,18:40,23.7
315,18:40,23.63
316,18:40,23.67
317,18:40,23.64
318,18:40,23.62
319,18:40,23.61
320,18:41,23.59
321,18:41,23.55
322,18:41,23.53
323,18:41,23.55
324,18:41,23.56
325,18:41,23.6
326,18:42,23.61
327,18:42,23.62
328,18:42,23.65
329,18:42,23.64
330,18:42,23.6
331,18:42,23.64
332,18:43,23.63
333,18:43,23.65
334,18:43,23.65
335,18:43,23.64
336,18:43,23.6
337,18:43,23.65
338,18:44,23.67
339,18:44,23.66
340,18:44,23.62
341,18:44,23.61
342,18:44,23.63
343,18:44,23.64
344,18:45,23.64
345,18:45,23.62
346,18:45,23.63
347,18:45,23.67
348,18:45,23.66
349,18:45,23.7
350,18:46,23.78
351,18:46,23.83
352,18:46,23.9
353,18:46,23.89
354,18:46,23.94
355,18:46,23.98
356,18:47,24.02
357,18:47,24.03
358,18:47,24.09
359,18:47,24.08
360,18:47,24.07
361,18:47,24.11
362,18:48,24.14
363,18:48,24.13
364,18:48,24.16
365,18:48,24.18
366,18:48,24.09
367,18:48,24.05
368,18:49,24.05
369,18:49,24.04
370,18:49,24.05
371,18:49,24.04
372,18:49,24.03
373,18:49,24.04
374,18:50,24
375,18:50,23.97
376,18:50,23.96
377,18:50,23.94
378,18:50,24.03
379,18:50,24.02
380,18:51,23.99
381,18:51,23.93
382,18:51,23.97
383,18:51,23.93
384,18:51,23.93
385,18:51,23.91
386,18:52,23.88
387,18:52,23.93
388,18:52,23.93
389,18:52,23.87
390,18:52,23.88
391,18:52,23.91
392,18:53,23.88
393,18:53,23.97
394,18:53,23.93
395,18:53,23.86
396,18:53,23.82
397,18:53,23.85
398,18:54,23.85
399,18:54,23.84
400,18:54,23.8
401,18:54,23.85
402,18:54,23.84
403,18:54,23.77
404,18:55,23.76
405,18:55,23.75
406,18:55,23.8
407,18:55,23.78
408,18:55,23.79
409,18:55,23.86
410,18:56,23.81
411,18:56,23.81
412,18:56,23.74
413,18:56,23.79
414,18:56,23.76
415,18:56,23.75
416,18:57,23.77
417,18:57,23.8
418,18:57,23.77
419,18:57,23.79
420,18:57,23.79
421,18:57,23.75
422,18:58,23.74
423,18:58,23.75
424,18:58,23.75
425,18:58,23.75
426,18:58,23.75
427,18:58,23.79
428,18:59,23.73
429,18:59,23.76
430,18:59,23.81
431,18:59,23.81
432,18:59,23.76
433,18:59,23.82
434,19:00,23.76
435,19:00,23.72
436,19:00,23.72
437,19:00,23.71
438,19:00,23.71
439,19:00,23.65
440,19:01,23.7
441,19:01,23.68
442,19:01,23.68
443,19:01,23.71
444,19:01,23.71
445,19:01,23.75
446,19:02,23.77
447,19:02,23.78
448,19:02,23.72
449,19:02,23.68
450,19:02,23.73
451,19:02,23.73
452,19:03,23.72
453,19:03,23.68
454,19:03,23.67
455,19:03,23.69
456,19:03,23.69
457,19:03,23.69
458,19:04,23.72
459,19:04,23.67
460,19:04,23.66
461,19:04,23.67
462,19:04,23.61
463,19:04,23.63
464,19:05,23.65
465,19:05,23.68
466,19:05,23.7
467,19:05,23.64
468,19:05,23.66
469,19:05,23.67
470,19:06,23.63
471,19:06,23.69
472,19:06,23.66
473,19:06,23.67
474,19:06,23.69
475,19:06,23.69
476,19:07,23.66
477,19:07,23.66
478,19:07,23.68
479,19:07,23.73
480,19:07,23.72
481,19:07,23.69
482,19:08,23.68
483,19:08,23.68
484,19:08,23.65
485,19:08,23.63
486,19:08,23.7
487,19:08,23.71
488,19:09,23.7
489,19:09,23.66
490,19:09,23.74
491,19:09,23.67
492,19:09,23.6
493,19:09,23.62
494,19:10,23.63
495,19:10,23.68
496,19:10,23.68
497,19:10,23.65
498,19:10,23.64
499,19:10,23.67
500,19:11,23.69
501,19:11,23.7
502,19:11,23.6
503,19:11,23.64
504,19:11,23.61
505,19:11,23.58
506,19:12,23.64
507,19:12,23.64
508,19:12,23.66
509,19:12,23.64
510,19:12,23.64
511,19:12,23.64
512,19:13,23.68
513,19:13,23.65
514,19:13,23.69
515,19:13,23.66
516,19:13,23.65
517,19:13,23.66
518,19:14,23.72
519,19:14,23.64
520,19:14,23.61
521,19:14,23.65
522,19:14,23.62
523,19:14,23.58
524,19:15,23.54
525,19:15,23.62
526,19:15,23.65
527,19:15,23.65
528,19:15,23.58
529,19:15,23.65
530,19:16,23.62
531,19:16,23.65
532,19:16,23.63
533,19:16,23.66
534,19:16,23.62
535,19:16,23.63
536,19:17,23.62
537,19:17,23.67
538,19:17,23.61
539,19:17,23.64
540,19:17,23.57
541,19:17,23.57
542,19:18,23.58
543,19:18,23.59
544,19:18,23.62
545,19:18,23.66
546,19:18,23.63
547,19:18,23.61
548,19:19,23.59
549,19:19,23.56
550,19:19,23.56
551,19:19,23.56
552,19:19,23.58
553,19:19,23.61
554,19:20,23.59
555,19:20,23.62
556,19:20,23.67
557,19:20,23.77
558,19:20,23.78
559,19:20,23.82
560,19:21,23.91
561,19:21,23.93
562,19:21,23.94
563,19:21,23.98
564,19:21,24.03
565,19:21,24.04
566,19:22,24.07
567,19:22,24.09
568,19:22,24.12
569,19:22,24.13
570,19:22,24.18
571,19:22,24.16
572,19:23,24.16
573,19:23,24.17
574,19:23,24.11
575,19:23,24.07
576,19:23,24.06
577,19:23,24.05
578,19:24,24.04
579,19:24,23.98
580,19:24,23.93
581,19:24,23.95
582,19:24,23.92
583,19:24,23.92
584,19:25,23.91
585,19:25,23.92
586,19:25,23.92
587,19:25,23.89
588,19:25,23.92
589,19:25,23.99
590,19:26,23.94
591,19:26,23.91
592,19:26,23.91
593,19:26,23.89
594,19:26,23.88
595,19:26,23.85
596,19:27,23.91
597,19:27,23.93
598,19:27,23.97
599,19:27,23.88
600,19:27,23.87
601,19:27,23.86
602,19:28,23.92
603,19:28,23.92
604,19:28,23.89
605,19:28,23.86
606,19:28,23.85
607,19:28,23.82
608,19:29,23.79
609,19:29,23.8
610,19:29,23.76
611,19:29,23.79
612,19:29,23.79
613,19:29,23.81
614,19:30,23.81
615,19:30,23.84
616,19:30,23.79
617,19:30,23.79
618,19:30,23.77
619,19:30,23.83
620,19:31,23.78
621,19:31,23.8
622,19:31,23.79
623,19:31,23.81
624,19:31,23.79
625,19:31,23.83
626,19:32,23.8
627,19:32,23.79
628,19:32,23.78
629,19:32,23.77
630,19:32,23.79
631,19:32,23.76
632,19:33,23.8
633,19:33,23.84
634,19:33,23.8
635,19:33,23.83
636,19:33,23.8
637,19:33,23.8
638,19:34,23.73
639,19:34,23.76
640,19:34,23.74
641,19:34,23.75
642,19:34,23.76
643,19:34,23.79
644,19:35,23.75
645,19:35,23.76
646,19:35,23.72
647,19:35,23.75
648,19:35,23.77
649,19:35,23.79
650,19:36,23.79
651,19:36,23.79
652,19:36,23.73
653,19:36,23.76
654,19:36,23.76
655,19:36,23.74
656,19:37,23.79
657,19:37,23.74
658,19:37,23.73
659,19:37,23.79
660,19:37,23.75
661,19:37,23.77
662,19:38,23.81
663,19:38,23.74
664,19:38,23.78
665,19:38,23.73
666,19:38,23.74
667,19:38,23.72
668,19:39,23.73
669,19:39,23.79
670,19:39,23.77
671,19:39,23.71
672,19:39,23.76
673,19:39,23.77
674,19:40,23.78
675,19:40,23.76
676,19:40,23.79
677,19:40,23.73
678,19:40,23.71
679,19:40,23.7
680,19:41,23.74
681,19:41,23.69
682,19:41,23.73
683,19:41,23.74
684,19:41,23.75
685,19:41,23.76
686,19:42,23.73
687,19:42,23.71
688,19:42,23.63
689,19:42,23.67
690,19:42,23.68
691,19:42,23.67
692,19:43,23.73
693,19:43,23.67
694,19:43,23.71
695,19:43,23.71
696,19:43,23.73
697,19:43,23.71
698,19:44,23.71
699,19:44,23.74
700,19:44,23.73
701,19:44,23.74
702,19:44,23.71
703,19:44,23.71
704,19:45,23.7
705,19:45,23.68
706,19:45,23.64
707,19:45,23.73
708,19:45,23.72
709,19:45,23.71
710,19:46,23.74
711,19:46,23.7
712,19:46,23.71
713,19:46,23.62
714,19:46,23.65
715,19:46,23.68
716,19:47,23.69
717,19:47,23.72
718,19:47,23.71
719,19:47,23.68
720,19:47,23.7
721,19:47,23.68
722,19:48,23.67
723,19:48,23.66
724,19:48,23.67
725,19:48,23.66
726,19:48,23.7
727,19:48,23.73
728,19:49,23.72
729,19:49,23.73
730,19:49,23.64
731,19:49,23.71
732,19:49,23.71
733,19:49,23.69
734,19:50,23.69
735,19:50,23.66
736,19:50,23.7
737,19:50,23.7
738,19:50,23.72
739,19:50,23.68
740,19:51,23.72
741,19:51,23.68
742,19:51,23.73
743,19:51,23.72
744,19:51,23.65
745,19:51,23.7
746,19:52,23.69
747,19:52,23.65
748,19:52,23.7
749,19:52,23.61
750,19:52,23.68
751,19:52,23.67
752,19:53,23.68
753,19:53,23.67
754,19:53,23.66
755,19:53,23.66
756,19:53,23.68
757,19:53,23.73
758,19:54,23.73
759,19:54,23.72
760,19:54,23.63
761,19:54,23.65
762,19:54,23.67
763,19:54,23.69
764,19:55,23.71
765,19:55,23.73
766,19:55,23.7
767,19:55,23.66
768,19:55,23.68
769,19:55,23.61
770,19:56,23.65
771,19:56,23.71
772,19:56,23.7
773,19:56,23.68
774,19:56,23.66
775,19:56,23.64
776,19:57,23.66
777,19:57,23.62
778,19:57,23.65
779,19:57,23.69
780,19:57,23.65
781,19:57,23.65
782,19:58,23.68
783,19:58,23.64
784,19:58,23.63
785,19:58,23.62
786,19:58,23.62
787,19:58,23.61
788,19:59,23.62
789,19:59,23.61
790,19:59,23.65
791,19:59,23.66
792,19:59,23.66
793,19:59,23.66
794,20:00,23.58
795,20:00,23.64
796,20:00,23.59
797,20:00,23.62
798,20:00,23.64
799,20:00,23.65
800,20:01,23.63
801,20:01,23.64
802,20:01,23.61
803,20:01,23.59
804,20:01,23.6
805,20:01,23.59
806,20:02,23.65
807,20:02,23.71
808,20:02,23.66
809,20:02,23.64
810,20:02,23.62
811,20:02,23.64
812,20:03,23.62
813,20:03,23.63
814,20:03,23.66
815,20:03,23.62
816,20:03,23.61
817,20:03,23.63
818,20:04,23.62
819,20:04,23.64
820,20:04,23.62
821,20:04,23.66
822,20:04,23.65
823,20:04,23.61
824,20:05,23.62
825,20:05,23.62
826,20:05,23.62
827,20:05,23.65
828,20:05,23.6
829,20:05,23.59
830,20:06,23.59
831,20:06,23.63
832,20:06,23.58
833,20:06,23.65
834,20:06,23.63
835,20:06,23.63
836,20:07,23.62
837,20:07,23.55
838,20:07,23.61
839,20:07,23.64
840,20:07,23.64
841,20:07,23.68
842,20:08,23.62
843,20:08,23.63
844,20:08,23.61
845,20:08,23.6
846,20:08,23.57
847,20:08,23.61
848,20:09,23.58
849,20:09,23.62
850,20:09,23.58
851,20:09,23.65
852,20:09,23.63
853,20:09,23.63
854,20:10,23.68
855,20:10,23.74
856,20:10,23.78
857,20:10,23.86
858,20:10,23.85
859,20:10,23.87
860,20:11,23.88
861,20:11,23.96
862,20:11,24.01
863,20:11,24.06
864,20:11,24.05
865,20:11,24.06
866,20:12,24.05
867,20:12,24.11
868,20:12,24.11
869,20:12,24.15
870,20:12,24.15
871,20:12,24.14
872,20:13,24.11
873,20:13,24.04
874,20:13,24.05
875,20:13,24.08
876,20:13,24.06
877,20:13,24.07
878,20:14,24.07
879,20:14,24.03
880,20:14,23.98
881,20:14,23.92
882,20:14,23.91
883,20:14,23.92
884,20:15,23.93
885,20:15,23.91
886,20:15,23.91
887,20:15,23.89
888,20:15,23.92
889,20:15,23.92
890,20:16,23.91
891,20:16,23.88
892,20:16,23.92
893,20:16,23.9
894,20:16,23.87
895,20:16,23.93
896,20:17,23.88
897,20:17,23.88
898,20:17,23.87
899,20:17,23.89
900,20:17,23.91
901,20:17,23.89
902,20:18,23.82
903,20:18,23.9
904,20:18,23.84
905,20:18,23.85
906,20:18,23.83
907,20:18,23.82
908,20:19,23.78
909,20:19,23.81
910,20:19,23.83
911,20:19,23.83
912,20:19,23.8
913,20:19,23.76
914,20:20,23.87
915,20:20,23.82
916,20:20,23.8
917,20:20,23.79
918,20:20,23.78
919,20:20,23.77
920,20:21,23.79
921,20:21,23.75
922,20:21,23.72
923,20:21,23.75
924,20:21,23.79
925,20:21,23.79
926,20:22,23.77
927,20:22,23.75
928,20:22,23.78
929,20:22,23.76
930,20:22,23.82
931,20:22,23.79
932,20:23,23.75
933,20:23,23.77
934,20:23,23.7
935,20:23,23.71
936,20:23,23.79
937,20:23,23.74
938,20:24,23.75
939,20:24,23.74
940,20:24,23.73
941,20:24,23.8
942,20:24,23.74
943,20:24,23.81
944,20:25,23.77
945,20:25,23.76
946,20:25,23.77
947,20:25,23.74
948,20:25,23.73
949,20:25,23.73
950,20:26,23.72
951,20:26,23.71
952,20:26,23.67
953,20:26,23.7
954,20:26,23.69
955,20:26,23.7
956,20:27,23.73
957,20:27,23.7
958,20:27,23.66
959,20:27,23.7
960,20:27,23.71
961,20:27,23.71
962,20:28,23.69
963,20:28,23.68
964,20:28,23.72
965,20:28,23.7
966,20:28,23.68
967,20:28,23.67
968,20:29,23.69
969,20:29,23.67
970,20:29,23.73
971,20:29,23.73
972,20:29,23.71
973,20:29,23.7
974,20:30,23.68
975,20:30,23.71
976,20:30,23.7
977,20:30,23.65
978,20:30,23.72
979,20:30,23.71
980,20:31,23.72
981,20:31,23.68
982,20:31,23.69
983,20:31,23.68
984,20:31,23.7
985,20:31,23.75
986,20:32,23.7
987,20:32,23.68
988,20:32,23.67
989,20:32,23.69
990,20:32,23.65
991,20:32,23.65
992,20:33,23.71
993,20:33,23.7
994,20:33,23.74
995,20:33,23.67
996,20:33,23.67
997,20:33,23.66
998,20:34,23.66
999,20:34,23.67
1000,20:34,23.73
1001,20:34,23.68
1002,20:34,23.62
1003,20:34,23.6
1004,20:35,23.63
1005,20:35,23.67
1006,20:35,23.69
1007,20:35,23.67
1008,20:35,23.71
1009,20:35,23.67
1010,20:36,23.67
1011,20:36,23.72
1012,20:36,23.62
1013,20:36,23.62
1014,20:36,23.66
1015,20:36,23.7
1016,20:37,23.66
1017,20:37,23.66
1018,20:37,23.64
1019,20:37,23.65
1020,20:37,23.63
1021,20:37,23.7
1022,20:38,23.66
1023,20:38,23.69
1024,20:38,23.66
1025,20:38,23.58
1026,20:38,23.63
1027,20:38,23.65
1028,20:39,23.61
1029,20:39,23.61
1030,20:39,23.63
1031,20:39,23.66
1032,20:39,23.63
1033,20:39,23.59
1034,20:40,23.64
1035,20:40,23.63
1036,20:40,23.63
1037,20:40,23.62
1038,20:40,23.63
1039,20:40,23.62
1040,20:41,23.61
1041,20:41,23.65
1042,20:41,23.66
1043,20:41,23.7
1044,20:41,23.7
1045,20:41,23.63
1046,20:42,23.65
1047,20:42,23.65
1048,20:42,23.69
1049,20:42,23.65
1050,20:42,23.67
1051,20:42,23.69
1052,20:43,23.68
1053,20:43,23.65
1054,20:43,23.68
1055,20:43,23.64
1056,20:43,23.72
1057,20:43,23.67
1058,20:44,23.67
1059,20:44,23.68
1060,20:44,23.71
1061,20:44,23.72
1062,20:44,23.65
1063,20:44,23.61
1064,20:45,23.58
1065,20:45,23.59
1066,20:45,23.61
1067,20:45,23.64
1068,20:45,23.66
1069,20:45,23.59
1070,20:46,23.61
1071,20:46,23.64
1072,20:46,23.64
1073,20:46,23.67
1074,20:46,23.64
1075,20:46,23.63
1076,20:47,23.61
1077,20:47,23.64
1078,20:47,23.63
1079,20:47,23.63
1080,20:47,23.67
1081,20:47,23.61
1082,20:48,23.58
1083,20:48,23.6
1084,20:48,23.58
1085,20:48,23.63
1086,20:48,23.6
1087,20:48,23.64
1088,20:49,23.61
1089,20:49,23.6
1090,20:49,23.58
1091,20:49,23.56
1092,20:49,23.62
1093,20:49,23.56
1094,20:50,23.61
1095,20:50,23.6
1096,20:50,23.59
1097,20:50,23.62
1098,20:50,23.61
1099,20:50,23.65
1100,20:51,23.59
1101,20:51,23.52
1102,20:51,23.6
1103,20:51,23.58
1104,20:51,23.55
1105,20:51,23.58
1106,20:52,23.56
1107,20:52,23.61
1108,20:52,23.61
1109,20:52,23.62
1110,20:52,23.62
1111,20:52,23.63
1112,20:53,23.55
1113,20:53,23.55
1114,20:53,23.53
1115,20:53,23.58
1116,20:53,23.62
1117,20:53,23.57
1118,20:54,23.56
1119,20:54,23.54
1120,20:54,23.59
1121,20:54,23.6
1122,20:54,23.55
1123,20:54,23.55
1124,20:55,23.62
1125,20:55,23.61
1126,20:55,23.56
1127,20:55,23.59
1128,20:55,23.58
1129,20:55,23.6
1130,20:56,23.56
1131,20:56,23.56
1132,20:56,23.54
1133,20:56,23.57
1134,20:56,23.63
1135,20:56,23.62
1136,20:57,23.61
1137,20:57,23.57
1138,20:57,23.59
1139,20:57,23.56
1140,20:57,23.57
1141,20:57,23.58
1142,20:58,23.54
1143,20:58,23.6
1144,20:58,23.63
1145,20:58,23.67
1146,20:58,23.73
1147,20:58,23.77
1148,20:59,23.79
1149,20:59,23.83
1150,20:59,23.85
1151,20:59,23.85
1152,20:59,23.92
1153,20:59,23.95
1154,21:00,23.96
1155,21:00,23.98
1156,21:00,24
1157,21:00,24.04
1158,21:00,24.07
1159,21:00,24.05
1160,21:01,24.1
1161,21:01,24.12
1162,21:01,24.09
1163,21:01,24.02
1164,21:01,23.96
1165,21:01,23.94
1166,21:02,24.02
1167,21:02,23.95
1168,21:02,23.99
1169,21:02,23.88
1170,21:02,23.89
1171,21:02,23.83
1172,21:03,23.84
1173,21:03,23.87
1174,21:03,23.91
1175,21:03,23.89
1176,21:03,23.92
1177,21:03,23.92
1178,21:04,23.9
1179,21:04,23.83
1180,21:04,23.79
1181,21:04,23.83
1182,21:04,23.84
1183,21:04,23.89
1184,21:05,23.83
1185,21:05,23.83
1186,21:05,23.84
1187,21:05,23.85
1188,21:05,23.84
1189,21:05,23.83
1190,21:06,23.82
1191,21:06,23.79
1192,21:06,23.79
1193,21:06,23.77
1194,21:06,23.8
1195,21:06,23.77
1196,21:07,23.73
1197,21:07,23.76
1198,21:07,23.78
1199,21:07,23.75
1200,21:07,23.76
1201,21:07,23.77
1202,21:08,23.73
1203,21:08,23.8
1204,21:08,23.76
1205,21:08,23.71
1206,21:08,23.76
1207,21:08,23.74
1208,21:09,23.71
1209,21:09,23.76
1210,21:09,23.75
1211,21:09,23.73
1212,21:09,23.72
1213,21:09,23.78
1214,21:10,23.76
1215,21:10,23.73
1216,21:10,23.71
1217,21:10,23.76
1218,21:10,23.7
1219,21:10,23.73
1220,21:11,23.74
1221,21:11,23.75
1222,21:11,23.66
1223,21:11,23.72
1224,21:11,23.68
1225,21:11,23.68
1226,21:12,23.71
1227,21:12,23.71
1228,21:12,23.64
1229,21:12,23.64
1230,21:12,23.67
1231,21:12,23.64
1232,21:13,23.64
1233,21:13,23.64
1234,21:13,23.67
1235,21:13,23.65
1236,21:13,23.65
1237,21:13,23.66
1238,21:14,23.63
1239,21:14,23.7
1240,21:14,23.66
1241,21:14,23.67
1242,21:14,23.7
1243,21:14,23.73
1244,21:15,23.7
1245,21:15,23.73
1246,21:15,23.66
1247,21:15,23.67
1248,21:15,23.67
1249,21:15,23.67
1250,21:16,23.67
1251,21:16,23.67
1252,21:16,23.68
1253,21:16,23.67
1254,21:16,23.67
1255,21:16,23.61
1256,21:17,23.66
1257,21:17,23.67
1258,21:17,23.61
1259,21:17,23.66
1260,21:17,23.63
1261,21:17,23.61
1262,21:18,23.6
1263,21:18,23.62
1264,21:18,23.67
1265,21:18,23.61
1266,21:18,23.59
1267,21:18,23.56
1268,21:19,23.62
1269,21:19,23.67
1270,21:19,23.59
1271,21:19,23.57
1272,21:19,23.62
1273,21:19,23.59
1274,21:20,23.58
1275,21:20,23.65
1276,21:20,23.63
1277,21:20,23.61
1278,21:20,23.58
1279,21:20,23.59
1280,21:21,23.57
1281,21:21,23.6
1282,21:21,23.56
1283,21:21,23.61
1284,21:21,23.65
1285,21:21,23.67
1286,21:22,23.76
1287,21:22,23.79
1288,21:22,23.81
1289,21:22,23.88
1290,21:22,23.91
1291,21:22,23.89
1292,21:23,23.98
1293,21:23,24.03
1294,21:23,24.03
1295,21:23,24.06
1296,21:23,24.08
1297,21:23,24.11
1298,21:24,24.1
1299,21:24,24.13
1300,21:24,24.16
1301,21:24,24.2
1302,21:24,24.18
1303,21:24,24.1
1304,21:25,24.06
1305,21:25,23.98
1306,21:25,23.99
1307,21:25,24.02
1308,21:25,23.99
1309,21:25,23.95
1310,21:26,23.94
1311,21:26,23.9
1312,21:26,23.93
1313,21:26,23.9
1314,21:26,23.9
1315,21:26,23.95
1316,21:27,23.91
1317,21:27,23.92
1318,21:27,23.9
1319,21:27,23.9
1320,21:27,23.89
1321,21:27,23.83
1322,21:28,23.82
1323,21:28,23.87
1324,21:28,23.88
1325,21:28,23.93
1326,21:28,23.9
1327,21:28,23.89
1328,21:29,23.85
1329,21:29,23.81
1330,21:29,23.84
1331,21:29,23.81
1332,21:29,23.82
1333,21:29,23.81
1334,21:30,23.82
1335,21:30,23.85
1336,21:30,23.8
1337,21:30,23.76
1338,21:30,23.78
1339,21:30,23.8
1340,21:31,23.74
1341,21:31,23.75
1342,21:31,23.74
1343,21:31,23.76
1344,21:31,23.75
1345,21:31,23.75
1346,21:32,23.81
1347,21:32,23.73
1348,21:32,23.72
1349,21:32,23.7
1350,21:32,23.73
1351,21:32,23.71
1352,21:33,23.74
1353,21:33,23.72
1354,21:33,23.72
1355,21:33,23.73
1356,21:33,23.7
1357,21:33,23.76
1358,21:34,23.75
1359,21:34,23.72
1360,21:34,23.71
1361,21:34,23.74
1362,21:34,23.7
1363,21:34,23.72
1364,21:35,23.71
1365,21:35,23.68
1366,21:35,23.73
1367,21:35,23.71
1368,21:35,23.72
1369,21:35,23.67
1370,21:36,23.68
1371,21:36,23.69
1372,21:36,23.72
1373,21:36,23.7
1374,21:36,23.7
1375,21:36,23.7
1376,21:37,23.68
1377,21:37,23.72
1378,21:37,23.7
1379,21:37,23.72
1380,21:37,23.7
1381,21:37,23.71
1382,21:38,23.68
1383,21:38,23.65
1384,21:38,23.71
1385,21:38,23.66
1386,21:38,23.62
1387,21:38,23.64
1388,21:39,23.64
1389,21:39,23.67
1390,21:39,23.62
1391,21:39,23.7
1392,21:39,23.67
1393,21:39,23.68
1394,21:40,23.66
1395,21:40,23.68
1396,21:40,23.68
1397,21:40,23.68
1398,21:40,23.65
1399,21:40,23.61
1400,21:41,23.62
1401,21:41,23.66
1402,21:41,23.67
1403,21:41,23.65
1404,21:41,23.67
1405,21:41,23.57
1406,21:42,23.62
1407,21:42,23.66
1408,21:42,23.66
1409,21:42,23.65
1410,21:42,23.63
1411,21:42,23.63
1412,21:43,23.63
1413,21:43,23.62
1414,21:43,23.6
1415,21:43,23.6
1416,21:43,23.62
1417,21:43,23.58
1418,21:44,23.55
1419,21:44,23.6
1420,21:44,23.6
1421,21:44,23.59
1422,21:44,23.6
1423,21:44,23.58
1424,21:45,23.64
1425,21:45,23.62
1426,21:45,23.59
1427,21:45,23.65
1428,21:45,23.65
1429,21:45,23.6
1430,21:46,23.63
1431,21:46,23.62
1432,21:46,23.59
1433,21:46,23.55
1434,21:46,23.58
1435,21:46,23.63
1436,21:47,23.6
1437,21:47,23.59
1438,21:47,23.68
1439,21:47,23.7
1440,21:47,23.74
1441,21:47,23.8
1442,21:48,23.85
1443,21:48,23.84
1444,21:48,23.89
1445,21:48,23.94
1446,21:48,23.97
1447,21:48,23.98
1448,21:49,23.98
1449,21:49,24.04
1450,21:49,24.05
1451,21:49,24.07
1452,21:49,24.08
1453,21:49,24.11
1454,21:50,24.12
1455,21:50,24.13
1456,21:50,24.08
1457,21:50,24.04
1458,21:50,23.97
1459,21:50,23.99
1460,21:51,24.02
1461,21:51,24
1462,21:51,23.99
1463,21:51,23.93
1464,21:51,23.92
1465,21:51,23.84
1466,21:52,23.86
1467,21:52,23.89
1468,21:52,23.91
1469,21:52,23.95
1470,21:52,23.93
1471,21:52,23.92
1472,21:53,23.93
1473,21:53,23.87
1474,21:53,23.8
1475,21:53,23.86
1476,21:53,23.8
1477,21:53,23.88
1478,21:54,23.8
1479,21:54,23.84
1480,21:54,23.88
1481,21:54,23.8
1482,21:54,23.78
1483,21:54,23.82
1484,21:55,23.88
1485,21:55,23.88
1486,21:55,23.85
1487,21:55,23.82
1488,21:55,23.82
1489,21:55,23.8
1490,21:56,23.8
1491,21:56,23.83
1492,21:56,23.79
1493,21:56,23.79
1494,21:56,23.74
1495,21:56,23.72
1496,21:57,23.74
1497,21:57,23.73
1498,21:57,23.75
1499,21:57,23.75
1500,21:57,23.73
1501,21:57,23.74
1502,21:58,23.72
1503,21:58,23.74
1504,21:58,23.7
1505,21:58,23.74
1506,21:58,23.76
1507,21:58,23.68
1508,21:59,23.73
1509,21:59,23.8
1510,21:59,23.71
1511,21:59,23.74
1512,21:59,23.71
1513,21:59,23.76
1514,22:00,23.72
1515,22:00,23.73
1516,22:00,23.74
1517,22:00,23.7
1518,22:00,23.71
1519,22:00,23.71
1520,22:01,23.76
1521,22:01,23.74
1522,22:01,23.76
1523,22:01,23.73
1524,22:01,23.76
1525,22:01,23.71
1526,22:02,23.72
1527,22:02,23.73
1528,22:02,23.72
1529,22:02,23.69
1530,22:02,23.74
1531,22:02,23.71
1532,22:03,23.72
1533,22:03,23.72
1534,22:03,23.72
1535,22:03,23.68
1536,22:03,23.69
1537,22:03,23.71
1538,22:04,23.73
1539,22:04,23.72
1540,22:04,23.72
1541,22:04,23.66
1542,22:04,23.73
1543,22:04,23.72
1544,22:05,23.7
1545,22:05,23.75
1546,22:05,23.69
1547,22:05,23.63
1548,22:05,23.67
1549,22:05,23.64
1550,22:06,23.67
1551,22:06,23.67
1552,22:06,23.69
1553,22:06,23.72
1554,22:06,23.68
1555,22:06,23.66
1556,22:07,23.63
1557,22:07,23.68
1558,22:07,23.64
1559,22:07,23.63
1560,22:07,23.64
1561,22:07,23.67
1562,22:08,23.62
1563,22:08,23.66
1564,22:08,23.66
1565,22:08,23.64
1566,22:08,23.64
1567,22:08,23.65
1568,22:09,23.63
1569,22:09,23.63
1570,22:09,23.66
1571,22:09,23.65
1572,22:09,23.66
1573,22:09,23.63
1574,22:10,23.66
1575,22:10,23.65
1576,22:10,23.64
1577,22:10,23.68
1578,22:10,23.65
1579,22:10,23.69
1580,22:11,23.69
1581,22:11,23.73
1582,22:11,23.72
1583,22:11,23.66
1584,22:11,23.69
1585,22:11,23.67
1586,22:12,23.65
1587,22:12,23.67
1588,22:12,23.61
1589,22:12,23.59
1590,22:12,23.66
1591,22:12,23.67
1592,22:13,23.65
1593,22:13,23.66
1594,22:13,23.64
1595,22:13,23.66
1596,22:13,23.66
1597,22:13,23.65
1598,22:14,23.61
1599,22:14,23.61
1600,22:14,23.61
1601,22:14,23.65
1602,22:14,23.63
1603,22:14,23.63
1604,22:15,23.64
1605,22:15,23.59
1606,22:15,23.62
1607,22:15,23.64
1608,22:15,23.62
1609,22:15,23.61
1610,22:16,23.6
1611,22:16,23.63
1612,22:16,23.65
1613,22:16,23.64
1614,22:16,23.61
1615,22:16,23.63
1616,22:17,23.62
1617,22:17,23.65
1618,22:17,23.64
1619,22:17,23.6
1620,22:17,23.58
1621,22:17,23.64
1622,22:18,23.63
1623,22:18,23.61
1624,22:18,23.63
1625,22:18,23.62
1626,22:18,23.63
1627,22:18,23.67
1628,22:19,23.76
1629,22:19,23.79
1630,22:19,23.85
1631,22:19,23.8
1632,22:19,23.87
1633,22:19,23.94
1634,22:20,23.95
1635,22:20,24.01
1636,22:20,24.01
1637,22:20,24.02
1638,22:20,24.06
1639,22:20,24.08
1640,22:21,24.1
1641,22:21,24.14
1642,22:21,24.11
1643,22:21,24.13
1644,22:21,24.14
1645,22:21,24.07
1646,22:22,24.04
1647,22:22,24.06
1648,22:22,24.04
1649,22:22,24
1650,22:22,24.02
1651,22:22,23.99
1652,22:23,23.89
1653,22:23,23.91
1654,22:23,23.9
1655,22:23,23.92
1656,22:23,23.92
1657,22:23,23.96
1658,22:24,23.91
1659,22:24,23.94
1660,22:24,23.9
1661,22:24,23.9
1662,22:24,23.86
1663,22:24,23.83
1664,22:25,23.84
1665,22:25,23.84
1666,22:25,23.9
1667,22:25,23.88
1668,22:25,23.87
1669,22:25,23.8
1670,22:26,23.81
1671,22:26,23.84
1672,22:26,23.88
1673,22:26,23.88
1674,22:26,23.85
1675,22:26,23.79
1676,22:27,23.84
1677,22:27,23.85
1678,22:27,23.82
1679,22:27,23.81
1680,22:27,23.82
1681,22:27,23.74
1682,22:28,23.72
1683,22:28,23.7
1684,22:28,23.69
1685,22:28,23.76
1686,22:28,23.73
1687,22:28,23.79
1688,22:29,23.79
1689,22:29,23.75
1690,22:29,23.77
1691,22:29,23.74
1692,22:29,23.76
1693,22:29,23.73
1694,22:30,23.77
1695,22:30,23.74
1696,22:30,23.71
1697,22:30,23.74
1698,22:30,23.71
1699,22:30,23.82
1700,22:31,23.77
1701,22:31,23.75
1702,22:31,23.7
1703,22:31,23.66
1704,22:31,23.66
1705,22:31,23.68
1706,22:32,23.66
1707,22:32,23.7
1708,22:32,23.72
1709,22:32,23.73
1710,22:32,23.72
1711,22:32,23.77
1712,22:33,23.75
1713,22:33,23.76
1714,22:33,23.76
1715,22:33,23.77
1716,22:33,23.77
1717,22:33,23.71
1718,22:34,23.71
1719,22:34,23.74
1720,22:34,23.71
1721,22:34,23.7
1722,22:34,23.68
1723,22:34,23.71
1724,22:35,23.64
1725,22:35,23.63
1726,22:35,23.69
1727,22:35,23.7
1728,22:35,23.65
1729,22:35,23.64
1730,22:36,23.65
1731,22:36,23.64
1732,22:36,23.67
1733,22:36,23.67
1734,22:36,23.74
1735,22:36,23.62
1736,22:37,23.68
1737,22:37,23.7
1738,22:37,23.7
1739,22:37,23.66
1740,22:37,23.67
1741,22:37,23.71
1742,22:38,23.65
1743,22:38,23.69
1744,22:38,23.66
1745,22:38,23.65
1746,22:38,23.65
1747,22:38,23.65
1748,22:39,23.63
1749,22:39,23.66
1750,22:39,23.66
1751,22:39,23.64
1752,22:39,23.61
1753,22:39,23.61
1754,22:40,23.6
1755,22:40,23.65
1756,22:40,23.65
1757,22:40,23.63
1758,22:40,23.61
1759,22:40,23.59
1760,22:41,23.65
1761,22:41,23.65
1762,22:41,23.66
1763,22:41,23.7
1764,22:41,23.62
1765,22:41,23.56
1766,22:42,23.59
1767,22:42,23.65
1768,22:42,23.66
1769,22:42,23.64
1770,22:42,23.67
1771,22:42,23.64
1772,22:43,23.66
1773,22:43,23.63
1774,22:43,23.64
1775,22:43,23.66
1776,22:43,23.67
1777,22:43,23.58
1778,22:44,23.59
1779,22:44,23.6
1780,22:44,23.6
1781,22:44,23.68
1782,22:44,23.61
1783,22:44,23.64
1784,22:45,23.65
1785,22:45,23.6
1786,22:45,23.63
1787,22:45,23.59
1788,22:45,23.62
1789,22:45,23.58
1790,22:46,23.62
1791,22:46,23.65
1792,22:46,23.65
1793,22:46,23.6
1794,22:46,23.61
1795,22:46,23.61
1796,22:47,23.58
1797,22:47,23.61
1798,22:47,23.65
1799,22:47,23.65
1800,22:47,23.64
1801,22:47,23.64
1802,22:48,23.57
1803,22:48,23.6
1804,22:48,23.58
1805,22:48,23.62
1806,22:48,23.59
1807,22:48,23.62
1808,22:49,23.55
1809,22:49,23.54
1810,22:49,23.53
1811,22:49,23.57
1812,22:49,23.61
1813,22:49,23.61
1814,22:50,23.61
1815,22:50,23.57
1816,22:50,23.56
1817,22:50,23.6
1818,22:50,23.59
1819,22:50,23.57
1820,22:51,23.62
1821,22:51,23.64
1822,22:51,23.64
1823,22:51,23.62
1824,22:51,23.57
1825,22:51,23.54
1826,22:52,23.55
1827,22:52,23.56
1828,22:52,23.63
1829,22:52,23.71
1830,22:52,23.71
1831,22:52,23.73
1832,22:53,23.83
1833,22:53,23.84
1834,22:53,23.87
1835,22:53,23.91
1836,22:53,23.95
1837,22:53,23.96
1838,22:54,24.02
1839,22:54,23.99
1840,22:54,24.03
1841,22:54,24.03
1842,22:54,24.08
1843,22:54,24.11
1844,22:55,24.15
1845,22:55,24.14
1846,22:55,24.08
1847,22:55,24.03
1848,22:55,24
1849,22:55,24.04
1850,22:56,24.01
1851,22:56,23.97
1852,22:56,23.99
1853,22:56,23.93
1854,22:56,23.92
1855,22:56,23.91
1856,22:57,23.85
1857,22:57,23.82
1858,22:57,23.88
1859,22:57,23.88
1860,22:57,23.89
1861,22:57,23.84
1862,22:58,23.86
1863,22:58,23.84
1864,22:58,23.84
1865,22:58,23.86
1866,22:58,23.85
1867,22:58,23.82
1868,22:59,23.83
1869,22:59,23.83
1870,22:59,23.85
1871,22:59,23.83
1872,22:59,23.82
1873,22:59,23.85
1874,23:00,23.83
1875,23:00,23.84
1876,23:00,23.75
1877,23:00,23.73
1878,23:00,23.75
1879,23:00,23.72
1880,23:01,23.75
1881,23:01,23.73
1882,23:01,23.74
1883,23:01,23.75
1884,23:01,23.77
1885,23:01,23.76
1886,23:02,23.74
1887,23:02,23.76
1888,23:02,23.71
1889,23:02,23.69
1890,23:02,23.66
1891,23:02,23.72
1892,23:03,23.68
1893,23:03,23.72
1894,23:03,23.76
1895,23:03,23.78
1896,23:03,23.76
1897,23:03,23.69
1898,23:04,23.66
1899,23:04,23.68
1900,23:04,23.7
1901,23:04,23.72
1902,23:04,23.73
1903,23:04,23.72
1904,23:05,23.69
1905,23:05,23.7
1906,23:05,23.67
1907,23:05,23.68
1908,23:05,23.68
1909,23:05,23.7
1910,23:06,23.71
1911,23:06,23.75
1912,23:06,23.67
1913,23:06,23.67
1914,23:06,23.66
1915,23:06,23.65
1916,23:07,23.66
1917,23:07,23.65
1918,23:07,23.61
1919,23:07,23.64
1920,23:07,23.66
1921,23:07,23.67
1922,23:08,23.7
1923,23:08,23.68
1924,23:08,23.69
1925,23:08,23.78
1926,23:08,23.69
1927,23:08,23.7
1928,23:09,23.67
1929,23:09,23.72
1930,23:09,23.71
1931,23:09,23.72
1932,23:09,23.65
1933,23:09,23.63
1934,23:10,23.66
1935,23:10,23.67
1936,23:10,23.61
1937,23:10,23.67
1938,23:10,23.68
1939,23:10,23.64
1940,23:11,23.61
1941,23:11,23.64
1942,23:11,23.69
1943,23:11,23.67
1944,23:11,23.65
1945,23:11,23.66
1946,23:12,23.69
1947,23:12,23.68
1948,23:12,23.64
1949,23:12,23.64
1950,23:12,23.62
1951,23:12,23.62
1952,23:13,23.67
1953,23:13,23.68
1954,23:13,23.61
1955,23:13,23.64
1956,23:13,23.61
1957,23:13,23.61
1958,23:14,23.61
1959,23:14,23.57
1960,23:14,23.58
1961,23:14,23.57
1962,23:14,23.59
1963,23:14,23.62
1964,23:15,23.64
1965,23:15,23.73
1966,23:15,23.74
1967,23:15,23.76
1968,23:15,23.84
1969,23:15,23.89
1970,23:16,23.91
1971,23:16,23.94
1972,23:16,23.96
1973,23:16,24.02
1974,23:16,24.05
1975,23:16,24.08
1976,23:17,24.1
1977,23:17,24.12
1978,23:17,24.13
1979,23:17,24.13
1980,23:17,24.13
1981,23:17,24.16
1982,23:18,24.19
1983,23:18,24.1
1984,23:18,24.02
1985,23:18,24.03
1986,23:18,24.02
1987,23:18,23.97
1988,23:19,23.93
1989,23:19,23.94
1990,23:19,23.9
1991,23:19,23.89
1992,23:19,23.9
1993,23:19,23.9
1994,23:20,23.95
1995,23:20,23.94
1996,23:20,23.92
1997,23:20,23.91
1998,23:20,23.89
1999,23:20,23.86
2000,23:21,23.81
2001,23:21,23.87
2002,23:21,23.86
2003,23:21,23.84
2004,23:21,23.82
2005,23:21,23.86
2006,23:22,23.87
2007,23:22,23.83
2008,23:22,23.82
2009,23:22,23.86
2010,23:22,23.82
2011,23:22,23.83
2012,23:23,23.86
2013,23:23,23.76
2014,23:23,23.79
2015,23:23,23.79
2016,23:23,23.8
2017,23:23,23.75
2018,23:24,23.7
2019,23:24,23.69
2020,23:24,23.73
2021,23:24,23.78
2022,23:24,23.77
2023,23:24,23.74
2024,23:25,23.73
2025,23:25,23.74
2026,23:25,23.78
2027,23:25,23.78
2028,23:25,23.75
2029,23:25,23.83
2030,23:26,23.75
2031,23:26,23.73
2032,23:26,23.74
2033,23:26,23.72
2034,23:26,23.77
2035,23:26,23.74
2036,23:27,23.79
2037,23:27,23.71
2038,23:27,23.75
2039,23:27,23.69
2040,23:27,23.71
2041,23:27,23.74
2042,23:28,23.74
2043,23:28,23.76
2044,23:28,23.71
2045,23:28,23.68
2046,23:28,23.72
2047,23:28,23.73
2048,23:29,23.73
2049,23:29,23.77
2050,23:29,23.73
2051,23:29,23.67
2052,23:29,23.7
2053,23:29,23.7
2054,23:30,23.69
2055,23:30,23.7
2056,23:30,23.7
2057,23:30,23.71
2058,23:30,23.71
2059,23:30,23.68
2060,23:31,23.68
2061,23:31,23.67
2062,23:31,23.63
2063,23:31,23.63
2064,23:31,23.68
2065,23:31,23.65
2066,23:32,23.68
2067,23:32,23.66
2068,23:32,23.66
2069,23:32,23.63
2070,23:32,23.67
2071,23:32,23.7
2072,23:33,23.67
2073,23:33,23.68
2074,23:33,23.63
2075,23:33,23.66
2076,23:33,23.65
2077,23:33,23.66
2078,23:34,23.64
2079,23:34,23.64
2080,23:34,23.64
2081,23:34,23.64
2082,23:34,23.66
2083,23:34,23.61
2084,23:35,23.63
2085,23:35,23.59
2086,23:35,23.7
2087,23:35,23.65
2088,23:35,23.57
2089,23:35,23.63
2090,23:36,23.61
2091,23:36,23.59
2092,23:36,23.6
2093,23:36,23.58
2094,23:36,23.6
2095,23:36,23.59
2096,23:37,23.63
2097,23:37,23.67
2098,23:37,23.75
2099,23:37,23.77
2100,23:37,23.79
2101,23:37,23.85
2102,23:38,23.92
2103,23:38,23.95
2104,23:38,23.97
2105,23:38,24.03
2106,23:38,24.07
2107,23:38,24.03
2108,23:39,24.04
2109,23:39,24.08
2110,23:39,24.12
2111,23:39,24.12
2112,23:39,24.17
2113,23:39,24.18
2114,23:40,24.15
2115,23:40,24.17
2116,23:40,24.04
2117,23:40,24.04
2118,23:40,24.03
2119,23:40,24.01
2120,23:41,23.92
2121,23:41,23.93
2122,23:41,23.93
2123,23:41,23.89
2124,23:41,23.82
2125,23:41,23.85
2126,23:42,23.85
2127,23:42,23.88
2128,23:42,23.86
2129,23:42,23.85
2130,23:42,23.83
2131,23:42,23.82
2132,23:43,23.81
2133,23:43,23.82
2134,23:43,23.77
2135,23:43,23.79
2136,23:43,23.81
2137,23:43,23.83
2138,23:44,23.81
2139,23:44,23.89
2140,23:44,23.84
2141,23:44,23.83
2142,23:44,23.84
2143,23:44,23.76
2144,23:45,23.74
2145,23:45,23.77
2146,23:45,23.71
2147,23:45,23.71
2148,23:45,23.68
2149,23:45,23.73
2150,23:46,23.74
2151,23:46,23.7
2152,23:46,23.68
2153,23:46,23.73
2154,23:46,23.74
2155,23:46,23.69
2156,23:47,23.71
2157,23:47,23.72
2158,23:47,23.66
2159,23:47,23.68
2160,23:47,23.65
2161,23:47,23.72
2162,23:48,23.69
2163,23:48,23.66
2164,23:48,23.67
2165,23:48,23.65
2166,23:48,23.71
2167,23:48,23.66
2168,23:49,23.67
2169,23:49,23.74
2170,23:49,23.69
2171,23:49,23.68
2172,23:49,23.67
2173,23:49,23.68
2174,23:50,23.71
2175,23:50,23.66
2176,23:50,23.68
2177,23:50,23.75
2178,23:50,23.68
2179,23:50,23.67
2180,23:51,23.66
2181,23:51,23.66
2182,23:51,23.69
2183,23:51,23.66
2184,23:51,23.65
2185,23:51,23.61
2186,23:52,23.66
2187,23:52,23.65
2188,23:52,23.66
2189,23:52,23.62
2190,23:52,23.69
2191,23:52,23.68
2192,23:53,23.62
2193,23:53,23.64
2194,23:53,23.65
2195,23:53,23.67
2196,23:53,23.62
2197,23:53,23.6
2198,23:54,23.59
2199,23:54,23.61
2200,23:54,23.59
2201,23:54,23.65
2202,23:54,23.62
2203,23:54,23.63
2204,23:55,23.63
2205,23:55,23.67
2206,23:55,23.56
2207,23:55,23.65
2208,23:55,23.65
2209,23:55,23.65
2210,23:56,23.57
2211,23:56,23.61
2212,23:56,23.59
2213,23:56,23.57
2214,23:56,23.62
2215,23:56,23.66
2216,23:57,23.63
2217,23:57,23.63
2218,23:57,23.62
2219,23:57,23.65
2220,23:57,23.72
2221,23:57,23.74
2222,23:58,23.76
2223,23:58,23.87
2224,23:58,23.91
2225,23:58,23.94
2226,23:58,23.99
2227,23:58,24.03
2228,23:59,24.03
2229,23:59,24.1
2230,23:59,24.12
2231,23:59,24.12
2232,23:59,24.12
2233,23:59,24.11
2234,0:00,24.16
2235,0:00,24.21
2236,0:00,24.19
2237,0:00,24.14
2238,0:00,24.04
2239,0:00,24.01
2240,0:01,24.04
2241,0:01,24.01
2242,0:01,23.99
2243,0:01,23.92
2244,0:01,23.86
2245,0:01,23.87
2246,0:02,23.89
2247,0:02,23.89
2248,0:02,23.94
2249,0:02,23.95
2250,0:02,23.9
2251,0:02,23.84
2252,0:03,23.85
2253,0:03,23.89
2254,0:03,23.89
2255,0:03,23.83
2256,0:03,23.81
2257,0:03,23.85
2258,0:04,23.81
2259,0:04,23.84
2260,0:04,23.85
2261,0:04,23.79
2262,0:04,23.78
2263,0:04,23.81
2264,0:05,23.81
2265,0:05,23.84
2266,0:05,23.84
2267,0:05,23.79
2268,0:05,23.81
2269,0:05,23.82
2270,0:06,23.81
2271,0:06,23.83
2272,0:06,23.73
2273,0:06,23.74
2274,0:06,23.75
2275,0:06,23.81
2276,0:07,23.83
2277,0:07,23.78
2278,0:07,23.78
2279,0:07,23.74
2280,0:07,23.75
2281,0:07,23.79
2282,0:08,23.78
2283,0:08,23.76
2284,0:08,23.73
2285,0:08,23.74
2286,0:08,23.72
2287,0:08,23.73
2288,0:09,23.75
2289,0:09,23.68
2290,0:09,23.73
2291,0:09,23.72
2292,0:09,23.71
2293,0:09,23.7
2294,0:10,23.69
2295,0:10,23.69
2296,0:10,23.72
2297,0:10,23.74
2298,0:10,23.7
2299,0:10,23.67
2300,0:11,23.67
2301,0:11,23.68
2302,0:11,23.7
2303,0:11,23.69
2304,0:11,23.71
2305,0:11,23.69
2306,0:12,23.72
2307,0:12,23.71
2308,0:12,23.71
2309,0:12,23.76
2310,0:12,23.65
2311,0:12,23.67
2312,0:13,23.66
2313,0:13,23.73
2314,0:13,23.65
2315,0:13,23.69
2316,0:13,23.66
2317,0:13,23.68
2318,0:14,23.64
2319,0:14,23.69
2320,0:14,23.7
2321,0:14,23.7
2322,0:14,23.71
2323,0:14,23.76
2324,0:15,23.8
2325,0:15,23.87
2326,0:15,23.92
2327,0:15,23.96
2328,0:15,24.02
2329,0:15,23.98
2330,0:16,24.04
2331,0:16,24.09
2332,0:16,24.07
2333,0:16,24.13
2334,0:16,24.18
2335,0:16,24.19
2336,0:17,24.17
2337,0:17,24.23
2338,0:17,24.25
2339,0:17,24.21
2340,0:17,24.11
2341,0:17,24.04
2342,0:18,24.06
2343,0:18,24.06
2344,0:18,24.02
2345,0:18,23.99
2346,0:18,23.93
2347,0:18,23.96
2348,0:19,23.91
2349,0:19,23.88
2350,0:19,23.97
2351,0:19,23.93
2352,0:19,23.91
2353,0:19,23.93
2354,0:20,23.85
2355,0:20,23.82
2356,0:20,23.88
2357,0:20,23.84
2358,0:20,23.92
2359,0:20,23.87
2360,0:21,23.85
2361,0:21,23.83
2362,0:21,23.82
2363,0:21,23.89
2364,0:21,23.89
2365,0:21,23.83
2366,0:22,23.9
2367,0:22,23.86
2368,0:22,23.87
2369,0:22,23.85
2370,0:22,23.87
2371,0:22,23.85
2372,0:23,23.82
2373,0:23,23.77
2374,0:23,23.84
2375,0:23,23.81
2376,0:23,23.77
2377,0:23,23.78
2378,0:24,23.79
2379,0:24,23.81
2380,0:24,23.76
2381,0:24,23.78
2382,0:24,23.76
2383,0:24,23.73
2384,0:25,23.75
2385,0:25,23.81
2386,0:25,23.73
2387,0:25,23.72
2388,0:25,23.77
2389,0:25,23.76
2390,0:26,23.72
2391,0:26,23.74
2392,0:26,23.77
2393,0:26,23.8
2394,0:26,23.75
2395,0:26,23.7
2396,0:27,23.7
2397,0:27,23.73
2398,0:27,23.75
2399,0:27,23.74
2400,0:27,23.71
2401,0:27,23.7
2402,0:28,23.73
2403,0:28,23.75
2404,0:28,23.72
2405,0:28,23.71
2406,0:28,23.73
2407,0:28,23.7
2408,0:29,23.75
2409,0:29,23.75
2410,0:29,23.68
2411,0:29,23.72
2412,0:29,23.73
2413,0:29,23.75
2414,0:30,23.75
2415,0:30,23.7
2416,0:30,23.66
2417,0:30,23.67
2418,0:30,23.66
2419,0:30,23.67
2420,0:31,23.63
2421,0:31,23.66
2422,0:31,23.68
2423,0:31,23.67
2424,0:31,23.67
2425,0:31,23.7
2426,0:32,23.64
2427,0:32,23.67
2428,0:32,23.63
2429,0:32,23.69
2430,0:32,23.66
2431,0:32,23.65
2432,0:33,23.63
2433,0:33,23.65
2434,0:33,23.7
2435,0:33,23.68
2436,0:33,23.65
2437,0:33,23.65
2438,0:34,23.67
2439,0:34,23.66
2440,0:34,23.68
2441,0:34,23.74
2442,0:34,23.78
2443,0:34,23.84
2444,0:35,23.88
2445,0:35,23.89
2446,0:35,23.89
2447,0:35,23.93
2448,0:35,23.98
2449,0:35,24.02
2450,0:36,24.02
2451,0:36,24.07
2452,0:36,24.12
2453,0:36,24.15
2454,0:36,24.19
2455,0:36,24.18
2456,0:37,24.19
2457,0:37,24.24
2458,0:37,24.18
2459,0:37,24.06
2460,0:37,24.03
2461,0:37,24.03
2462,0:38,23.94
2463,0:38,23.89
2464,0:38,23.91
2465,0:38,23.93
2466,0:38,23.89
2467,0:38,23.86
2468,0:39,23.85
2469,0:39,23.82
2470,0:39,23.8
2471,0:39,23.83
2472,0:39,23.85
2473,0:39,23.91
2474,0:40,23.87
2475,0:40,23.81
2476,0:40,23.85
2477,0:40,23.8
2478,0:40,23.84
2479,0:40,23.83
2480,0:41,23.88
2481,0:41,23.85
2482,0:41,23.85
2483,0:41,23.89
2484,0:41,23.85
2485,0:41,23.86
2486,0:42,23.83
2487,0:42,23.81
2488,0:42,23.77
2489,0:42,23.73
2490,0:42,23.73
2491,0:42,23.73
2492,0:43,23.79
2493,0:43,23.78
2494,0:43,23.76
2495,0:43,23.81
2496,0:43,23.7
2497,0:43,23.67
2498,0:44,23.69
2499,0:44,23.74
2500,0:44,23.71
2501,0:44,23.76
2502,0:44,23.71
2503,0:44,23.75
2504,0:45,23.74
2505,0:45,23.76
2506,0:45,23.71
2507,0:45,23.75
2508,0:45,23.72
2509,0:45,23.72
2510,0:46,23.71
2511,0:46,23.71
2512,0:46,23.74
2513,0:46,23.72
2514,0:46,23.73
2515,0:46,23.74
2516,0:47,23.72
2517,0:47,23.71
2518,0:47,23.66
2519,0:47,23.64
2520,0:47,23.66
2521,0:47,23.7
2522,0:48,23.67
2523,0:48,23.64
2524,0:48,23.66
2525,0:48,23.66
2526,0:48,23.74
2527,0:48,23.7
2528,0:49,23.73
2529,0:49,23.69
2530,0:49,23.67
2531,0:49,23.67
2532,0:49,23.7
2533,0:49,23.72
2534,0:50,23.72
2535,0:50,23.76
2536,0:50,23.81
2537,0:50,23.84
2538,0:50,23.94
2539,0:50,23.97
2540,0:51,23.99
2541,0:51,24.02
2542,0:51,24.05
2543,0:51,24.05
2544,0:51,24.09
2545,0:51,24.11
2546,0:52,24.16
2547,0:52,24.12
2548,0:52,24.17
2549,0:52,24.17
2550,0:52,24.21
2551,0:52,24.19
2552,0:53,24.17
2553,0:53,24.05
2554,0:53,24.02
2555,0:53,24.04
2556,0:53,24.01
2557,0:53,23.95
2558,0:54,23.93
2559,0:54,23.92
2560,0:54,23.88
2561,0:54,23.89
2562,0:54,23.87
2563,0:54,23.81
2564,0:55,23.87
2565,0:55,23.89
2566,0:55,23.93
2567,0:55,23.88
2568,0:55,23.86
2569,0:55,23.81
2570,0:56,23.8
2571,0:56,23.85
2572,0:56,23.84
2573,0:56,23.85
2574,0:56,23.9
2575,0:56,23.92
2576,0:57,23.9
2577,0:57,23.89
2578,0:57,23.85
2579,0:57,23.82
2580,0:57,23.82
2581,0:57,23.86
2582,0:58,23.82
2583,0:58,23.83
2584,0:58,23.83
2585,0:58,23.79
2586,0:58,23.78
2587,0:58,23.78
2588,0:59,23.79
2589,0:59,23.84
2590,0:59,23.78
2591,0:59,23.75
2592,0:59,23.77
2593,0:59,23.81
2594,1:00,23.73
2595,1:00,23.77
